﻿<parameters>
  <parameter name="IIS Web Application Name" defaultValue="Default Web Site/website_deploy" tags="IisApp">
    <parameterEntry kind="ProviderPath" scope="IisApp" match="^C:\\Users\\trung\.bui\\AppData\\Local\\Temp\\WebSitePublish\\WEBDHT--1227967516\\obj\\Debug\\Package\\PackageTmp$" />
    <parameterEntry kind="ProviderPath" scope="setAcl" match="^C:\\Users\\trung\.bui\\AppData\\Local\\Temp\\WebSitePublish\\WEBDHT--1227967516\\obj\\Debug\\Package\\PackageTmp$" />
  </parameter>
  <parameter name="Add write permission to App_Data Folder" description="Add write permission to App_Data folder" defaultValue="{IIS Web Application Name}/App_Data" tags="Hidden">
    <parameterEntry kind="ProviderPath" scope="setAcl" match="^C:\\Users\\trung\.bui\\AppData\\Local\\Temp\\WebSitePublish\\WEBDHT--1227967516\\obj\\Debug\\Package\\PackageTmp\\App_Data$" />
  </parameter>
  <parameter name="web_dht_r02ConnectionString-Web.config Connection String" defaultValue="Data Source=TRUNG-WS;Initial Catalog=web_dht_r02;Persist Security Info=True;User ID=bavitech;Password=123456">
    <parameterEntry kind="XmlFile" scope="C:\\Users\\trung\.bui\\AppData\\Local\\Temp\\WebSitePublish\\WEBDHT--1227967516\\obj\\Debug\\Package\\PackageTmp\\web\.config$" match="/configuration/connectionStrings/add[@name='web_dht_r02ConnectionString']/@connectionString" />
  </parameter>
</parameters>